detection_id,object_class,confidence_pct,suppressed,suppression_reasons,latitude,longitude,position_basis,length_m,width_m,height_m,dimension_basis,width_px,height_px,severity_tier,recommended_action,strip,global_x,global_y,detector_confidence,confidence_basis,policy_basis
DEMO_SYNTHETIC_strip_1024_0_d0,mine,93.9,False,,,,not georeferenced: no navigation for this strip,,,,"strip resolution unknown (no navigation sidecar and no m_per_px supplied); dimensions are not inferred; not computed: altitude_m, m_per_px_across unknown",30.0,21.0,critical,Deploy EOD team,DEMO_SYNTHETIC_strip,1180.0,430.0,0.88,"verified: calibrated detector probability fused with shadow, clutter, nadir and dropout evidence",configurable heuristic; not an official procedure
DEMO_SYNTHETIC_strip_1024_0_d2,debris,55.0,False,,,,not georeferenced: no navigation for this strip,,,,"strip resolution unknown (no navigation sidecar and no m_per_px supplied); dimensions are not inferred; not computed: altitude_m, m_per_px_across unknown",30.0,21.0,low,Schedule cleanup,DEMO_SYNTHETIC_strip,1320.0,440.0,0.55,"verified: calibrated detector probability fused with shadow, clutter, nadir and dropout evidence",configurable heuristic; not an official procedure
DEMO_SYNTHETIC_strip_1024_0_d1,uxo,59.4,False,,,,not georeferenced: no navigation for this strip,,,,"strip resolution unknown (no navigation sidecar and no m_per_px supplied); dimensions are not inferred; not computed: altitude_m, m_per_px_across unknown",30.0,21.0,medium,Deploy EOD team,DEMO_SYNTHETIC_strip,1240.0,470.0,0.71,"verified: calibrated detector probability fused with shadow, clutter, nadir and dropout evidence",configurable heuristic; not an official procedure
DEMO_SYNTHETIC_strip_1024_512_d0,unknown,75.2,False,,,,not georeferenced: no navigation for this strip,,,,"strip resolution unknown (no navigation sidecar and no m_per_px supplied); dimensions are not inferred; not computed: altitude_m, m_per_px_across unknown",30.0,21.0,medium,Send for expert identification,DEMO_SYNTHETIC_strip,1350.0,900.0,0.64,"verified: calibrated detector probability fused with shadow, clutter, nadir and dropout evidence",configurable heuristic; not an official procedure
DEMO_SYNTHETIC_strip_0_1024_d0,shipwreck,59.5,False,,,,not georeferenced: no navigation for this strip,,,,"strip resolution unknown (no navigation sidecar and no m_per_px supplied); dimensions are not inferred; not computed: altitude_m, m_per_px_across unknown",48.0,33.6,medium,Flag navigation hazard,DEMO_SYNTHETIC_strip,520.0,1180.0,0.82,"verified: calibrated detector probability fused with shadow, clutter, nadir and dropout evidence",configurable heuristic; not an official procedure
DEMO_SYNTHETIC_strip_0_1024_d1,debris,56.3,False,,,,not georeferenced: no navigation for this strip,,,,"strip resolution unknown (no navigation sidecar and no m_per_px supplied); dimensions are not inferred; not computed: altitude_m, m_per_px_across unknown",30.0,21.0,low,Schedule cleanup,DEMO_SYNTHETIC_strip,610.0,1250.0,0.61,"verified: calibrated detector probability fused with shadow, clutter, nadir and dropout evidence",configurable heuristic; not an official procedure
DEMO_SYNTHETIC_strip_0_1024_d2,chain,25.2,True,"2.0 similar-sized highlight/shadow blobs within 3x the box, orientation coherence 0.07: consistent with a rock field or natural clutter",,,not georeferenced: no navigation for this strip,,,,"strip resolution unknown (no navigation sidecar and no m_per_px supplied); dimensions are not inferred; not computed: altitude_m, m_per_px_across unknown",48.0,33.6,low,Send for expert identification,DEMO_SYNTHETIC_strip,600.0,1330.0,0.48,"verified: calibrated detector probability fused with shadow, clutter, nadir and dropout evidence",configurable heuristic; not an official procedure
DEMO_SYNTHETIC_strip_512_1024_d3,cable,50.2,False,,,,not georeferenced: no navigation for this strip,,,,"strip resolution unknown (no navigation sidecar and no m_per_px supplied); dimensions are not inferred; not computed: altitude_m, m_per_px_across unknown",48.0,33.6,low,Check against charted cables; flag if uncharted,DEMO_SYNTHETIC_strip,700.0,1400.0,0.55,"verified: calibrated detector probability fused with shadow, clutter, nadir and dropout evidence",configurable heuristic; not an official procedure
DEMO_SYNTHETIC_strip_1024_1024_d0,drum,81.4,False,,,,not georeferenced: no navigation for this strip,,,,"strip resolution unknown (no navigation sidecar and no m_per_px supplied); dimensions are not inferred; not computed: altitude_m, m_per_px_across unknown",30.0,21.0,low,Schedule cleanup,DEMO_SYNTHETIC_strip,1090.0,1610.0,0.66,"verified: calibrated detector probability fused with shadow, clutter, nadir and dropout evidence",configurable heuristic; not an official procedure
DEMO_SYNTHETIC_strip_1024_1536_d1,net,58.4,False,,,,not georeferenced: no navigation for this strip,,,,"strip resolution unknown (no navigation sidecar and no m_per_px supplied); dimensions are not inferred; not computed: altitude_m, m_per_px_across unknown",48.0,33.6,low,Schedule ghost-gear recovery,DEMO_SYNTHETIC_strip,1430.0,1980.0,0.59,"verified: calibrated detector probability fused with shadow, clutter, nadir and dropout evidence",configurable heuristic; not an official procedure
DEMO_SYNTHETIC_strip_1024_1536_d2,net,48.2,False,,,,not georeferenced: no navigation for this strip,,,,"strip resolution unknown (no navigation sidecar and no m_per_px supplied); dimensions are not inferred; not computed: altitude_m, m_per_px_across unknown",48.0,33.6,low,Schedule ghost-gear recovery,DEMO_SYNTHETIC_strip,1500.0,2040.0,0.52,"verified: calibrated detector probability fused with shadow, clutter, nadir and dropout evidence",configurable heuristic; not an official procedure
DEMO_SYNTHETIC_strip_0_2048_d0,tire,68.5,False,,,,not georeferenced: no navigation for this strip,,,,"strip resolution unknown (no navigation sidecar and no m_per_px supplied); dimensions are not inferred; not computed: altitude_m, m_per_px_across unknown",30.0,21.0,low,Schedule cleanup,DEMO_SYNTHETIC_strip,380.0,2180.0,0.74,"verified: calibrated detector probability fused with shadow, clutter, nadir and dropout evidence",configurable heuristic; not an official procedure
DEMO_SYNTHETIC_strip_0_2048_d1,bottle,58.0,False,,,,not georeferenced: no navigation for this strip,,,,"strip resolution unknown (no navigation sidecar and no m_per_px supplied); dimensions are not inferred; not computed: altitude_m, m_per_px_across unknown",30.0,21.0,low,Schedule cleanup,DEMO_SYNTHETIC_strip,450.0,2230.0,0.69,"verified: calibrated detector probability fused with shadow, clutter, nadir and dropout evidence",configurable heuristic; not an official procedure
DEMO_SYNTHETIC_strip_0_2048_d3,tire,44.8,False,,,,not georeferenced: no navigation for this strip,,,,"strip resolution unknown (no navigation sidecar and no m_per_px supplied); dimensions are not inferred; not computed: altitude_m, m_per_px_across unknown",30.0,21.0,low,Schedule cleanup,DEMO_SYNTHETIC_strip,350.0,2260.0,0.58,"verified: calibrated detector probability fused with shadow, clutter, nadir and dropout evidence",configurable heuristic; not an official procedure
DEMO_SYNTHETIC_strip_0_2048_d2,debris,47.7,False,,,,not georeferenced: no navigation for this strip,,,,"strip resolution unknown (no navigation sidecar and no m_per_px supplied); dimensions are not inferred; not computed: altitude_m, m_per_px_across unknown",30.0,21.0,low,Schedule cleanup,DEMO_SYNTHETIC_strip,430.0,2300.0,0.63,"verified: calibrated detector probability fused with shadow, clutter, nadir and dropout evidence",configurable heuristic; not an official procedure
DEMO_SYNTHETIC_strip_0_2048_d4,bottle,62.0,False,,,,not georeferenced: no navigation for this strip,,,,"strip resolution unknown (no navigation sidecar and no m_per_px supplied); dimensions are not inferred; not computed: altitude_m, m_per_px_across unknown",30.0,21.0,low,Schedule cleanup,DEMO_SYNTHETIC_strip,500.0,2320.0,0.54,"verified: calibrated detector probability fused with shadow, clutter, nadir and dropout evidence",configurable heuristic; not an official procedure
