tile,strip,x,y,lat,lon,mean_intensity,width,height,tile_width,tile_height,center_x,center_y,source_image,denoised,content_score,m_per_px_across,m_per_px_along,quality
SYNTHETIC_mannar_line02_0_0.jpg,SYNTHETIC_mannar_line02,0,0,9.12013591,79.05030256,126.557,994,3253,640,640,320.0,320.0,SYNTHETIC_mannar_line02.png,False,0.138226,0.1,0.1,ok
SYNTHETIC_mannar_line02_512_0.jpg,SYNTHETIC_mannar_line02,512,0,9.11974567,79.05027108,124.386,994,3253,482,640,753.0,320.0,SYNTHETIC_mannar_line02.png,False,0.136755,0.1,0.1,ok
SYNTHETIC_mannar_line02_0_512.jpg,SYNTHETIC_mannar_line02,0,512,9.12008718,79.05077605,124.054,994,3253,640,640,320.0,832.0,SYNTHETIC_mannar_line02.png,False,0.162108,0.1,0.1,attitude
SYNTHETIC_mannar_line02_512_512.jpg,SYNTHETIC_mannar_line02,512,512,9.11969974,79.05071949,122.044,994,3253,482,640,753.0,832.0,SYNTHETIC_mannar_line02.png,False,0.152944,0.1,0.1,attitude
SYNTHETIC_mannar_line02_0_1024.jpg,SYNTHETIC_mannar_line02,0,1024,9.11997466,79.05125771,126.421,994,3253,640,640,320.0,1344.0,SYNTHETIC_mannar_line02.png,False,0.128727,0.1,0.1,attitude
SYNTHETIC_mannar_line02_512_1024.jpg,SYNTHETIC_mannar_line02,512,1024,9.11960412,79.05113057,116.355,994,3253,482,640,753.0,1344.0,SYNTHETIC_mannar_line02.png,False,0.199621,0.1,0.1,attitude
SYNTHETIC_mannar_line02_0_1536.jpg,SYNTHETIC_mannar_line02,0,1536,9.11980614,79.05169584,114.185,994,3253,640,640,320.0,1856.0,SYNTHETIC_mannar_line02.png,False,0.18731,0.1,0.1,dropout
SYNTHETIC_mannar_line02_512_1536.jpg,SYNTHETIC_mannar_line02,512,1536,9.11943891,79.05155934,115.563,994,3253,482,640,753.0,1856.0,SYNTHETIC_mannar_line02.png,False,0.187099,0.1,0.1,dropout
SYNTHETIC_mannar_line02_0_2048.jpg,SYNTHETIC_mannar_line02,0,2048,9.11968149,79.05211988,124.513,994,3253,640,640,320.0,2368.0,SYNTHETIC_mannar_line02.png,False,0.161407,0.1,0.1,ok
SYNTHETIC_mannar_line02_512_2048.jpg,SYNTHETIC_mannar_line02,512,2048,9.11929858,79.05203782,125.258,994,3253,482,640,753.0,2368.0,SYNTHETIC_mannar_line02.png,False,0.163049,0.1,0.1,ok
SYNTHETIC_mannar_line02_0_2560.jpg,SYNTHETIC_mannar_line02,0,2560,9.11961712,79.05256166,126.315,994,3253,640,640,320.0,2880.0,SYNTHETIC_mannar_line02.png,False,0.146322,0.1,0.1,ok
SYNTHETIC_mannar_line02_512_2560.jpg,SYNTHETIC_mannar_line02,512,2560,9.11922727,79.05252556,125.991,994,3253,482,640,753.0,2880.0,SYNTHETIC_mannar_line02.png,False,0.135633,0.1,0.1,ok
SYNTHETIC_mannar_line02_0_3072.jpg,SYNTHETIC_mannar_line02,0,3072,9.11959619,79.05281611,128.332,994,3253,640,181,320.0,3162.5,SYNTHETIC_mannar_line02.png,False,0.105488,0.1,0.1,ok
SYNTHETIC_mannar_line02_512_3072.jpg,SYNTHETIC_mannar_line02,512,3072,9.11920599,79.05278411,127.979,994,3253,482,181,753.0,3162.5,SYNTHETIC_mannar_line02.png,False,0.101364,0.1,0.1,ok
